sample,time_s,value_v,sample_offset,aligned_sample,aligned_time_s
0,0.000000000,-0.8884429931640625,0,0,0.000000000
1,0.000384025,-0.8825302124023438,0,1,0.000384025
2,0.000768049,-0.8929252624511719,0,2,0.000768049
3,0.001152074,-0.9352493286132812,0,3,0.001152074
4,0.001536098,-0.9437179565429688,0,4,0.001536098
5,0.001920123,-0.9465789794921875,0,5,0.001920123
6,0.002304147,-0.9542083740234375,0,6,0.002304147
7,0.002688172,-0.95977783203125,0,7,0.002688172
8,0.003072197,-0.9632110595703125,0,8,0.003072197
9,0.003456221,-0.9607505798339844,0,9,0.003456221
10,0.003840246,-0.9638595581054688,0,10,0.003840246
11,0.004224270,-0.9803009033203125,0,11,0.004224270
12,0.004608295,-0.9873580932617188,0,12,0.004608295
13,0.004992320,-0.9904289245605469,0,13,0.004992320
14,0.005376344,-0.9914398193359375,0,14,0.005376344
15,0.005760369,-1.0002899169921875,0,15,0.005760369
16,0.006144393,-1.0117912292480469,0,16,0.006144393
17,0.006528418,-1.0240745544433594,0,17,0.006528418
18,0.006912442,-1.0291099548339844,0,18,0.006912442
19,0.007296467,-1.0315132141113281,0,19,0.007296467
20,0.007680492,-1.0322952270507812,0,20,0.007680492
21,0.008064516,-1.0433578491210938,0,21,0.008064516
22,0.008448541,-1.0434532165527344,0,22,0.008448541
23,0.008832565,-1.0500335693359375,0,23,0.008832565
24,0.009216590,-1.0627174377441406,0,24,0.009216590
25,0.009600614,-1.0856819152832031,0,25,0.009600614
26,0.009984639,-1.0983085632324219,0,26,0.009984639
27,0.010368664,-1.1041259765625,0,27,0.010368664
28,0.010752688,-1.1164283752441406,0,28,0.010752688
29,0.011136713,-1.1204910278320312,0,29,0.011136713
30,0.011520737,-1.1180496215820312,0,30,0.011520737
31,0.011904762,-1.1027336120605469,0,31,0.011904762
32,0.012288786,-1.0852813720703125,0,32,0.012288786
33,0.012672811,-1.0723495483398438,0,33,0.012672811
34,0.013056836,-1.0557174682617188,0,34,0.013056836
35,0.013440860,-1.0470199584960938,0,35,0.013440860
36,0.013824885,-1.04461669921875,0,36,0.013824885
37,0.014208909,-1.0370826721191406,0,37,0.014208909
38,0.014592934,-1.0305404663085938,0,38,0.014592934
39,0.014976959,-1.0199546813964844,0,39,0.014976959
40,0.015360983,-1.0067939758300781,0,40,0.015360983
41,0.015745008,-0.9877967834472656,0,41,0.015745008
42,0.016129032,-0.9811210632324219,0,42,0.016129032
43,0.016513057,-0.9799957275390625,0,43,0.016513057
44,0.016897081,-0.9791374206542969,0,44,0.016897081
45,0.017281106,-0.9741401672363281,0,45,0.017281106
46,0.017665131,-0.9689140319824219,0,46,0.017665131
47,0.018049155,-0.9610176086425781,0,47,0.018049155
48,0.018433180,-0.9576797485351562,0,48,0.018433180
49,0.018817204,-0.9464836120605469,0,49,0.018817204
50,0.019201229,-0.9390068054199219,0,50,0.019201229
51,0.019585253,-0.9344100952148438,0,51,0.019585253
52,0.019969278,-0.93017578125,0,52,0.019969278
53,0.020353303,-0.9450340270996094,0,53,0.020353303
54,0.020737327,-0.9389686584472656,0,54,0.020737327
55,0.021121352,-0.9348106384277344,0,55,0.021121352
56,0.021505376,-0.9241294860839844,0,56,0.021505376
57,0.021889401,-0.9350395202636719,0,57,0.021889401
58,0.022273425,-0.9351539611816406,0,58,0.022273425
59,0.022657450,-0.9362602233886719,0,59,0.022657450
60,0.023041475,-0.9505462646484375,0,60,0.023041475
61,0.023425499,-0.9633255004882812,0,61,0.023425499
62,0.023809524,-0.9629249572753906,0,62,0.023809524
63,0.024193548,-0.979156494140625,0,63,0.024193548
64,0.024577573,-0.9830665588378906,0,64,0.024577573
65,0.024961598,-0.9831428527832031,0,65,0.024961598
66,0.025345622,-0.9975433349609375,0,66,0.025345622
67,0.025729647,-1.0058975219726562,0,67,0.025729647
68,0.026113671,-1.0128402709960938,0,68,0.026113671
69,0.026497696,-1.01898193359375,0,69,0.026497696
70,0.026881720,-1.0205268859863281,0,70,0.026881720
71,0.027265745,-1.033935546875,0,71,0.027265745
72,0.027649770,-1.0344123840332031,0,72,0.027649770
73,0.028033794,-1.0403251647949219,0,73,0.028033794
74,0.028417819,-1.0485458374023438,0,74,0.028417819
75,0.028801843,-1.053924560546875,0,75,0.028801843
76,0.029185868,-1.0608673095703125,0,76,0.029185868
77,0.029569892,-1.0787391662597656,0,77,0.029569892
78,0.029953917,-1.0918045043945312,0,78,0.029953917
79,0.030337942,-1.1116981506347656,0,79,0.030337942
80,0.030721966,-1.1083984375,0,80,0.030721966
81,0.031105991,-1.1106491088867188,0,81,0.031105991
82,0.031490015,-1.1044120788574219,0,82,0.031490015
83,0.031874040,-1.0938835144042969,0,83,0.031874040
84,0.032258065,-1.0808181762695312,0,84,0.032258065
85,0.032642089,-1.0732078552246094,0,85,0.032642089
86,0.033026114,-1.0619163513183594,0,86,0.033026114
87,0.033410138,-1.0470199584960938,0,87,0.033410138
88,0.033794163,-1.0418891906738281,0,88,0.033794163
89,0.034178187,-1.036224365234375,0,89,0.034178187
90,0.034562212,-1.0264968872070312,0,90,0.034562212
91,0.034946237,-1.0200309753417969,0,91,0.034946237
92,0.035330261,-1.0120391845703125,0,92,0.035330261
93,0.035714286,-1.0032272338867188,0,93,0.035714286
94,0.036098310,-0.9907722473144531,0,94,0.036098310
95,0.036482335,-0.9657669067382812,0,95,0.036482335
96,0.036866359,-0.9560394287109375,0,96,0.036866359
97,0.037250384,-0.9540557861328125,0,97,0.037250384
98,0.037634409,-0.9511375427246094,0,98,0.037634409
99,0.038018433,-0.9529876708984375,0,99,0.038018433
100,0.038402458,-0.9449195861816406,0,100,0.038402458
101,0.038786482,-0.9454536437988281,0,101,0.038786482
102,0.039170507,-0.9310340881347656,0,102,0.039170507
103,0.039554531,-0.9298515319824219,0,103,0.039554531
104,0.039938556,-0.9311103820800781,0,104,0.039938556
105,0.040322581,-0.926971435546875,0,105,0.040322581
106,0.040706605,-0.9147262573242188,0,106,0.040706605
107,0.041090630,-0.9200096130371094,0,107,0.041090630
108,0.041474654,-0.9303665161132812,0,108,0.041474654
109,0.041858679,-0.92987060546875,0,109,0.041858679
110,0.042242704,-0.9317779541015625,0,110,0.042242704
111,0.042626728,-0.9338188171386719,0,111,0.042626728
112,0.043010753,-0.9483528137207031,0,112,0.043010753
113,0.043394777,-0.953369140625,0,113,0.043394777
114,0.043778802,-0.9695243835449219,0,114,0.043778802
115,0.044162826,-0.9792900085449219,0,115,0.044162826
116,0.044546851,-0.9796524047851562,0,116,0.044546851
117,0.044930876,-0.9926223754882812,0,117,0.044930876
118,0.045314900,-1.0019874572753906,0,118,0.045314900
119,0.045698925,-1.0140419006347656,0,119,0.045698925
120,0.046082949,-1.0100936889648438,0,120,0.046082949
121,0.046466974,-1.0094451904296875,0,121,0.046466974
122,0.046850998,-1.0160255432128906,0,122,0.046850998
123,0.047235023,-1.0284996032714844,0,123,0.047235023
124,0.047619048,-1.0331153869628906,0,124,0.047619048
125,0.048003072,-1.0490226745605469,0,125,0.048003072
126,0.048387097,-1.062164306640625,0,126,0.048387097
127,0.048771121,-1.0669517517089844,0,127,0.048771121
128,0.049155146,-1.0748481750488281,0,128,0.049155146
129,0.049539171,-1.085205078125,0,129,0.049539171
130,0.049923195,-1.0993576049804688,0,130,0.049923195
131,0.050307220,-1.1020660400390625,0,131,0.050307220
132,0.050691244,-1.1059188842773438,0,132,0.050691244
133,0.051075269,-1.1052322387695312,0,133,0.051075269
134,0.051459293,-1.1066627502441406,0,134,0.051459293
135,0.051843318,-1.1028671264648438,0,135,0.051843318
136,0.052227343,-1.0900115966796875,0,136,0.052227343
137,0.052611367,-1.0727691650390625,0,137,0.052611367
138,0.052995392,-1.0521125793457031,0,138,0.052995392
139,0.053379416,-1.0392379760742188,0,139,0.053379416
140,0.053763441,-1.0295295715332031,0,140,0.053763441
141,0.054147465,-1.018524169921875,0,141,0.054147465
142,0.054531490,-1.011199951171875,0,142,0.054531490
143,0.054915515,-1.0032463073730469,0,143,0.054915515
144,0.055299539,-0.9993171691894531,0,144,0.055299539
145,0.055683564,-0.982513427734375,0,145,0.055683564
146,0.056067588,-0.9830665588378906,0,146,0.056067588
147,0.056451613,-0.9746170043945312,0,147,0.056451613
148,0.056835637,-0.9715461730957031,0,148,0.056835637
149,0.057219662,-0.9677505493164062,0,149,0.057219662
150,0.057603687,-0.9620094299316406,0,150,0.057603687
151,0.057987711,-0.9504508972167969,0,151,0.057987711
152,0.058371736,-0.91217041015625,0,152,0.058371736
153,0.058755760,-0.8998680114746094,0,153,0.058755760
154,0.059139785,-0.9116935729980469,0,154,0.059139785
155,0.059523810,-0.9199714660644531,0,155,0.059523810
156,0.059907834,-0.9266090393066406,0,156,0.059907834
157,0.060291859,-0.9237098693847656,0,157,0.060291859
158,0.060675883,-0.9218788146972656,0,158,0.060675883
159,0.061059908,-0.924530029296875,0,159,0.061059908
160,0.061443932,-0.9292221069335938,0,160,0.061443932
161,0.061827957,-0.9333610534667969,0,161,0.061827957
162,0.062211982,-0.9412193298339844,0,162,0.062211982
163,0.062596006,-0.9500694274902344,0,163,0.062596006
164,0.062980031,-0.9663772583007812,0,164,0.062980031
165,0.063364055,-0.9638786315917969,0,165,0.063364055
166,0.063748080,-0.9736442565917969,0,166,0.063748080
167,0.064132104,-0.9718704223632812,0,167,0.064132104
168,0.064516129,-0.9638404846191406,0,168,0.064516129
169,0.064900154,-0.9591865539550781,0,169,0.064900154
170,0.065284178,-0.9724044799804688,0,170,0.065284178
171,0.065668203,-0.9911537170410156,0,171,0.065668203
172,0.066052227,-1.0120582580566406,0,172,0.066052227
173,0.066436252,-1.0109329223632812,0,173,0.066436252
174,0.066820276,-1.0170936584472656,0,174,0.066820276
175,0.067204301,-1.0251808166503906,0,175,0.067204301
176,0.067588326,-1.0318756103515625,0,176,0.067588326
177,0.067972350,-1.048736572265625,0,177,0.067972350
178,0.068356375,-1.0602569580078125,0,178,0.068356375
179,0.068740399,-1.0687065124511719,0,179,0.068740399
180,0.069124424,-1.0562896728515625,0,180,0.069124424
181,0.069508449,-1.05621337890625,0,181,0.069508449
182,0.069892473,-1.0720443725585938,0,182,0.069892473
183,0.070276498,-1.0891914367675781,0,183,0.070276498
184,0.070660522,-1.10382080078125,0,184,0.070660522
185,0.071044547,-1.1044502258300781,0,185,0.071044547
186,0.071428571,-1.0955429077148438,0,186,0.071428571
187,0.071812596,-1.0757637023925781,0,187,0.071812596
188,0.072196621,-1.0604286193847656,0,188,0.072196621
189,0.072580645,-1.053924560546875,0,189,0.072580645
190,0.072964670,-1.04095458984375,0,190,0.072964670
191,0.073348694,-1.0393142700195312,0,191,0.073348694
192,0.073732719,-1.0268592834472656,0,192,0.073732719
193,0.074116743,-1.0198020935058594,0,193,0.074116743
194,0.074500768,-1.0118675231933594,0,194,0.074500768
195,0.074884793,-0.996551513671875,0,195,0.074884793
196,0.075268817,-0.9866523742675781,0,196,0.075268817
197,0.075652842,-0.9771537780761719,0,197,0.075652842
198,0.076036866,-0.9568595886230469,0,198,0.076036866
199,0.076420891,-0.9596824645996094,0,199,0.076420891
200,0.076804916,-0.952606201171875,0,200,0.076804916
201,0.077188940,-0.9578514099121094,0,201,0.077188940
202,0.077572965,-0.9546470642089844,0,202,0.077572965
203,0.077956989,-0.9511947631835938,0,203,0.077956989
204,0.078341014,-0.9430885314941406,0,204,0.078341014
205,0.078725038,-0.9278488159179688,0,205,0.078725038
206,0.079109063,-0.9214591979980469,0,206,0.079109063
207,0.079493088,-0.9197044372558594,0,207,0.079493088
208,0.079877112,-0.9177017211914062,0,208,0.079877112
209,0.080261137,-0.91064453125,0,209,0.080261137
210,0.080645161,-0.9016609191894531,0,210,0.080645161
211,0.081029186,-0.9177207946777344,0,211,0.081029186
212,0.081413210,-0.9356498718261719,0,212,0.081413210
213,0.081797235,-0.93902587890625,0,213,0.081797235
214,0.082181260,-0.9432411193847656,0,214,0.082181260
215,0.082565284,-0.9433746337890625,0,215,0.082565284
216,0.082949309,-0.9536170959472656,0,216,0.082949309
217,0.083333333,-0.9602928161621094,0,217,0.083333333
218,0.083717358,-0.9646797180175781,0,218,0.083717358
219,0.084101382,-0.9728431701660156,0,219,0.084101382
220,0.084485407,-0.9749603271484375,0,220,0.084485407
221,0.084869432,-0.9880256652832031,0,221,0.084869432
222,0.085253456,-0.9953689575195312,0,222,0.085253456
223,0.085637481,-0.9960556030273438,0,223,0.085637481
224,0.086021505,-1.0004615783691406,0,224,0.086021505
225,0.086405530,-1.0082817077636719,0,225,0.086405530
226,0.086789555,-1.016845703125,0,226,0.086789555
227,0.087173579,-1.0193061828613281,0,227,0.087173579
228,0.087557604,-1.0202217102050781,0,228,0.087557604
229,0.087941628,-1.0217666625976562,0,229,0.087941628
230,0.088325653,-1.0368728637695312,0,230,0.088325653
231,0.088709677,-1.0563087463378906,0,231,0.088709677
232,0.089093702,-1.0800361633300781,0,232,0.089093702
233,0.089477727,-1.0952949523925781,0,233,0.089477727
234,0.089861751,-1.1108589172363281,0,234,0.089861751
235,0.090245776,-1.1122512817382812,0,235,0.090245776
236,0.090629800,-1.1115455627441406,0,236,0.090629800
237,0.091013825,-1.1050033569335938,0,237,0.091013825
238,0.091397849,-1.0915756225585938,0,238,0.091397849
239,0.091781874,-1.0787773132324219,0,239,0.091781874
240,0.092165899,-1.0799789428710938,0,240,0.092165899
241,0.092549923,-1.0999298095703125,0,241,0.092549923
242,0.092933948,-1.0706901550292969,0,242,0.092933948
243,0.093317972,-1.0240364074707031,0,243,0.093317972
244,0.093701997,-1.0156822204589844,0,244,0.093701997
245,0.094086022,-1.007080078125,0,245,0.094086022
246,0.094470046,-0.9959220886230469,0,246,0.094470046
247,0.094854071,-1.0068321228027344,0,247,0.094854071
248,0.095238095,-0.9772872924804688,0,248,0.095238095
249,0.095622120,-0.96160888671875,0,249,0.095622120
250,0.096006144,-0.9700202941894531,0,250,0.096006144
251,0.096390169,-0.9617233276367188,0,251,0.096390169
252,0.096774194,-0.9968376159667969,0,252,0.096774194
253,0.097158218,-1.0072517395019531,0,253,0.097158218
254,0.097542243,-0.9981346130371094,0,254,0.097542243
255,0.097926267,-0.9766578674316406,0,255,0.097926267
256,0.098310292,-0.9532928466796875,0,256,0.098310292
257,0.098694316,-0.9417152404785156,0,257,0.098694316
258,0.099078341,-0.9323692321777344,0,258,0.099078341
259,0.099462366,-0.9296417236328125,0,259,0.099462366
260,0.099846390,-0.9306716918945312,0,260,0.099846390
261,0.100230415,-0.9237861633300781,0,261,0.100230415
262,0.100614439,-0.91552734375,0,262,0.100614439
263,0.100998464,-0.9128570556640625,0,263,0.100998464
264,0.101382488,-0.9177780151367188,0,264,0.101382488
265,0.101766513,-0.9363365173339844,0,265,0.101766513
266,0.102150538,-0.9813308715820312,0,266,0.102150538
267,0.102534562,-0.9976959228515625,0,267,0.102534562
268,0.102918587,-0.9971237182617188,0,268,0.102918587
269,0.103302611,-0.9899520874023438,0,269,0.103302611
270,0.103686636,-0.9935760498046875,0,270,0.103686636
271,0.104070661,-0.9856986999511719,0,271,0.104070661
272,0.104454685,-0.9930992126464844,0,272,0.104454685
273,0.104838710,-0.9927177429199219,0,273,0.104838710
274,0.105222734,-0.989532470703125,0,274,0.105222734
275,0.105606759,-0.9993171691894531,0,275,0.105606759
276,0.105990783,-1.0079765319824219,0,276,0.105990783
277,0.106374808,-1.0274124145507812,0,277,0.106374808
278,0.106758833,-1.0346412658691406,0,278,0.106758833
279,0.107142857,-1.0346221923828125,0,279,0.107142857
280,0.107526882,-1.0484886169433594,0,280,0.107526882
281,0.107910906,-1.0599327087402344,0,281,0.107910906
282,0.108294931,-1.0624504089355469,0,282,0.108294931
283,0.108678955,-1.059112548828125,0,283,0.108678955
284,0.109062980,-1.0674858093261719,0,284,0.109062980
285,0.109447005,-1.0812568664550781,0,285,0.109447005
286,0.109831029,-1.0952377319335938,0,286,0.109831029
287,0.110215054,-1.1011695861816406,0,287,0.110215054
288,0.110599078,-1.1136817932128906,0,288,0.110599078
289,0.110983103,-1.1155319213867188,0,289,0.110983103
290,0.111367127,-1.1070632934570312,0,290,0.111367127
291,0.111751152,-1.0873031616210938,0,291,0.111751152
292,0.112135177,-1.0718345642089844,0,292,0.112135177
293,0.112519201,-1.0592842102050781,0,293,0.112519201
294,0.112903226,-1.0511398315429688,0,294,0.112903226
295,0.113287250,-1.0381507873535156,0,295,0.113287250
296,0.113671275,-1.0371017456054688,0,296,0.113671275
297,0.114055300,-1.0284423828125,0,297,0.114055300
298,0.114439324,-1.0071182250976562,0,298,0.114439324
299,0.114823349,-0.9977912902832031,0,299,0.114823349
300,0.115207373,-0.9938430786132812,0,300,0.115207373
301,0.115591398,-0.9724617004394531,0,301,0.115591398
302,0.115975422,-0.9518623352050781,0,302,0.115975422
303,0.116359447,-0.9559440612792969,0,303,0.116359447
304,0.116743472,-0.9582710266113281,0,304,0.116743472
305,0.117127496,-0.9625434875488281,0,305,0.117127496
306,0.117511521,-0.965576171875,0,306,0.117511521
307,0.117895545,-0.9568595886230469,0,307,0.117895545
308,0.118279570,-0.9539604187011719,0,308,0.118279570
309,0.118663594,-0.9496688842773438,0,309,0.118663594
310,0.119047619,-0.9293746948242188,0,310,0.119047619
311,0.119431644,-0.9125328063964844,0,311,0.119431644
312,0.119815668,-0.9023475646972656,0,312,0.119815668
313,0.120199693,-0.9033393859863281,0,313,0.120199693
314,0.120583717,-0.9176254272460938,0,314,0.120583717
315,0.120967742,-0.9285736083984375,0,315,0.120967742
316,0.121351767,-0.9409523010253906,0,316,0.121351767
317,0.121735791,-0.9070014953613281,0,317,0.121735791
318,0.122119816,-0.9019088745117188,0,318,0.122119816
319,0.122503840,-0.92864990234375,0,319,0.122503840
320,0.122887865,-0.9453010559082031,0,320,0.122887865
321,0.123271889,-0.983123779296875,0,321,0.123271889
322,0.123655914,-1.0312271118164062,0,322,0.123655914
323,0.124039939,-1.0282325744628906,0,323,0.124039939
324,0.124423963,-1.0295486450195312,0,324,0.124423963
325,0.124807988,-1.0320472717285156,0,325,0.124807988
326,0.125192012,-1.0227775573730469,0,326,0.125192012
327,0.125576037,-1.0269355773925781,0,327,0.125576037
328,0.125960061,-1.0380363464355469,0,328,0.125960061
329,0.126344086,-1.0440635681152344,0,329,0.126344086
330,0.126728111,-1.0346603393554688,0,330,0.126728111
331,0.127112135,-1.0425758361816406,0,331,0.127112135
332,0.127496160,-1.0434532165527344,0,332,0.127496160
333,0.127880184,-1.0450553894042969,0,333,0.127880184
334,0.128264209,-1.0527801513671875,0,334,0.128264209
335,0.128648233,-1.0898208618164062,0,335,0.128648233
336,0.129032258,-1.1237144470214844,0,336,0.129032258
337,0.129416283,-1.1348533630371094,0,337,0.129416283
338,0.129800307,-1.1289596557617188,0,338,0.129800307
339,0.130184332,-1.1275672912597656,0,339,0.130184332
340,0.130568356,-1.1268997192382812,0,340,0.130568356
341,0.130952381,-1.1151695251464844,0,341,0.130952381
342,0.131336406,-1.1045455932617188,0,342,0.131336406
343,0.131720430,-1.0875320434570312,0,343,0.131720430
344,0.132104455,-1.0693740844726562,0,344,0.132104455
345,0.132488479,-1.05560302734375,0,345,0.132488479
346,0.132872504,-1.0413360595703125,0,346,0.132872504
347,0.133256528,-1.0362625122070312,0,347,0.133256528
348,0.133640553,-1.0296821594238281,0,348,0.133640553
349,0.134024578,-1.0177230834960938,0,349,0.134024578
350,0.134408602,-1.0163497924804688,0,350,0.134408602
351,0.134792627,-1.0077667236328125,0,351,0.134792627
352,0.135176651,-0.9948158264160156,0,352,0.135176651
353,0.135560676,-0.9852981567382812,0,353,0.135560676
354,0.135944700,-0.9782218933105469,0,354,0.135944700
355,0.136328725,-0.9861183166503906,0,355,0.136328725
356,0.136712750,-0.9823799133300781,0,356,0.136712750
357,0.137096774,-0.9793281555175781,0,357,0.137096774
358,0.137480799,-0.9765243530273438,0,358,0.137480799
359,0.137864823,-0.9634208679199219,0,359,0.137864823
360,0.138248848,-0.948486328125,0,360,0.138248848
361,0.138632873,-0.926055908203125,0,361,0.138632873
362,0.139016897,-0.9103584289550781,0,362,0.139016897
363,0.139400922,-0.9146881103515625,0,363,0.139400922
364,0.139784946,-0.9137535095214844,0,364,0.139784946
365,0.140168971,-0.916900634765625,0,365,0.140168971
366,0.140552995,-0.9191513061523438,0,366,0.140552995
367,0.140937020,-0.9260940551757812,0,367,0.140937020
368,0.141321045,-0.9331893920898438,0,368,0.141321045
369,0.141705069,-0.9452247619628906,0,369,0.141705069
370,0.142089094,-0.9534072875976562,0,370,0.142089094
371,0.142473118,-0.9574317932128906,0,371,0.142473118
372,0.142857143,-0.9641838073730469,0,372,0.142857143
373,0.143241167,-0.9734916687011719,0,373,0.143241167
374,0.143625192,-0.98724365234375,0,374,0.143625192
375,0.144009217,-1.005706787109375,0,375,0.144009217
376,0.144393241,-1.0080718994140625,0,376,0.144393241
377,0.144777266,-1.0126876831054688,0,377,0.144777266
378,0.145161290,-1.0134315490722656,0,378,0.145161290
379,0.145545315,-1.0201454162597656,0,379,0.145545315
380,0.145929339,-1.021575927734375,0,380,0.145929339
381,0.146313364,-1.0312461853027344,0,381,0.146313364
382,0.146697389,-1.0406303405761719,0,382,0.146697389
383,0.147081413,-1.0403251647949219,0,383,0.147081413
384,0.147465438,-1.0469627380371094,0,384,0.147465438
385,0.147849462,-1.0608673095703125,0,385,0.147849462
386,0.148233487,-1.0600662231445312,0,386,0.148233487
387,0.148617512,-1.0710525512695312,0,387,0.148617512
388,0.149001536,-1.0887718200683594,0,388,0.149001536
389,0.149385561,-1.1096572875976562,0,389,0.149385561
390,0.149769585,-1.1200141906738281,0,390,0.149769585
391,0.150153610,-1.1290168762207031,0,391,0.150153610
392,0.150537634,-1.1169624328613281,0,392,0.150537634
393,0.150921659,-1.1080360412597656,0,393,0.150921659
394,0.151305684,-1.1029624938964844,0,394,0.151305684
395,0.151689708,-1.0919570922851562,0,395,0.151689708
396,0.152073733,-1.06719970703125,0,396,0.152073733
397,0.152457757,-1.0470008850097656,0,397,0.152457757
398,0.152841782,-1.040802001953125,0,398,0.152841782
399,0.153225806,-1.0340118408203125,0,399,0.153225806
400,0.153609831,-1.0250282287597656,0,400,0.153609831
401,0.153993856,-1.0078048706054688,0,401,0.153993856
402,0.154377880,-1.005859375,0,402,0.154377880
403,0.154761905,-1.0100555419921875,0,403,0.154761905
404,0.155145929,-1.002960205078125,0,404,0.155145929
405,0.155529954,-0.9970664978027344,0,405,0.155529954
406,0.155913978,-0.9785270690917969,0,406,0.155913978
407,0.156298003,-0.97900390625,0,407,0.156298003
408,0.156682028,-0.9686660766601562,0,408,0.156682028
409,0.157066052,-0.9689521789550781,0,409,0.157066052
410,0.157450077,-0.964508056640625,0,410,0.157450077
411,0.157834101,-0.9618759155273438,0,411,0.157834101
412,0.158218126,-0.9466361999511719,0,412,0.158218126
413,0.158602151,-0.9354019165039062,0,413,0.158602151
414,0.158986175,-0.9178733825683594,0,414,0.158986175
415,0.159370200,-0.9244537353515625,0,415,0.159370200
416,0.159754224,-0.9220695495605469,0,416,0.159754224
417,0.160138249,-0.9076309204101562,0,417,0.160138249
418,0.160522273,-0.9145355224609375,0,418,0.160522273
419,0.160906298,-0.9321975708007812,0,419,0.160906298
420,0.161290323,-0.9538841247558594,0,420,0.161290323
421,0.161674347,-0.9672164916992188,0,421,0.161674347
422,0.162058372,-0.9638595581054688,0,422,0.162058372
423,0.162442396,-0.9597396850585938,0,423,0.162442396
424,0.162826421,-0.9505081176757812,0,424,0.162826421
425,0.163210445,-0.9578514099121094,0,425,0.163210445
426,0.163594470,-0.96893310546875,0,426,0.163594470
427,0.163978495,-0.9879493713378906,0,427,0.163978495
428,0.164362519,-0.9988784790039062,0,428,0.164362519
429,0.164746544,-1.0170364379882812,0,429,0.164746544
430,0.165130568,-1.0335922241210938,0,430,0.165130568
431,0.165514593,-1.0438728332519531,0,431,0.165514593
432,0.165898618,-1.0334014892578125,0,432,0.165898618
433,0.166282642,-1.014862060546875,0,433,0.166282642
434,0.166666667,-1.0225486755371094,0,434,0.166666667
435,0.167050691,-1.0352134704589844,0,435,0.167050691
436,0.167434716,-1.0467147827148438,0,436,0.167434716
437,0.167818740,-1.0492706298828125,0,437,0.167818740
438,0.168202765,-1.0557365417480469,0,438,0.168202765
439,0.168586790,-1.0750007629394531,0,439,0.168586790
440,0.168970814,-1.0993003845214844,0,440,0.168970814
441,0.169354839,-1.1038970947265625,0,441,0.169354839
442,0.169738863,-1.1135292053222656,0,442,0.169738863
443,0.170122888,-1.1147880554199219,0,443,0.170122888
444,0.170506912,-1.1091232299804688,0,444,0.170506912
445,0.170890937,-1.1010932922363281,0,445,0.170890937
446,0.171274962,-1.0952377319335938,0,446,0.171274962
447,0.171658986,-1.0860443115234375,0,447,0.171658986
448,0.172043011,-1.0767555236816406,0,448,0.172043011
449,0.172427035,-1.0608291625976562,0,449,0.172427035
450,0.172811060,-1.0455703735351562,0,450,0.172811060
451,0.173195084,-1.0164642333984375,0,451,0.173195084
452,0.173579109,-0.9908866882324219,0,452,0.173579109
453,0.173963134,-0.9809112548828125,0,453,0.173963134
454,0.174347158,-0.9859466552734375,0,454,0.174347158
455,0.174731183,-0.9801292419433594,0,455,0.174731183
456,0.175115207,-0.9858322143554688,0,456,0.175115207
457,0.175499232,-0.9870338439941406,0,457,0.175499232
458,0.175883257,-0.988616943359375,0,458,0.175883257
459,0.176267281,-0.9834480285644531,0,459,0.176267281
460,0.176651306,-0.9817314147949219,0,460,0.176651306
461,0.177035330,-0.9730148315429688,0,461,0.177035330
462,0.177419355,-0.9708976745605469,0,462,0.177419355
463,0.177803379,-0.9543609619140625,0,463,0.177803379
464,0.178187404,-0.9404182434082031,0,464,0.178187404
465,0.178571429,-0.9316253662109375,0,465,0.178571429
466,0.178955453,-0.9159469604492188,0,466,0.178955453
467,0.179339478,-0.8635902404785156,0,467,0.179339478
468,0.179723502,-0.8671379089355469,0,468,0.179723502
469,0.180107527,-0.878448486328125,0,469,0.180107527
470,0.180491551,-0.9025001525878906,0,470,0.180491551
471,0.180875576,-0.9260749816894531,0,471,0.180875576
472,0.181259601,-0.9739875793457031,0,472,0.181259601
473,0.181643625,-0.9955024719238281,0,473,0.181643625
474,0.182027650,-1.0026931762695312,0,474,0.182027650
475,0.182411674,-0.9980201721191406,0,475,0.182411674
476,0.182795699,-0.9980392456054688,0,476,0.182795699
477,0.183179724,-0.9890365600585938,0,477,0.183179724
478,0.183563748,-0.9779930114746094,0,478,0.183563748
479,0.183947773,-0.9796142578125,0,479,0.183947773
480,0.184331797,-0.984039306640625,0,480,0.184331797
481,0.184715822,-0.9984016418457031,0,481,0.184715822
482,0.185099846,-1.0135650634765625,0,482,0.185099846
483,0.185483871,-1.0217666625976562,0,483,0.185483871
484,0.185867896,-1.0400390625,0,484,0.185867896
485,0.186251920,-1.0550689697265625,0,485,0.186251920
486,0.186635945,-1.0702896118164062,0,486,0.186635945
487,0.187019969,-1.0748481750488281,0,487,0.187019969
488,0.187403994,-1.0701751708984375,0,488,0.187403994
489,0.187788018,-1.0650444030761719,0,489,0.187788018
490,0.188172043,-1.0705375671386719,0,490,0.188172043
491,0.188556068,-1.0780143737792969,0,491,0.188556068
492,0.188940092,-1.0892868041992188,0,492,0.188940092
493,0.189324117,-1.0998153686523438,0,493,0.189324117
494,0.189708141,-1.1044120788574219,0,494,0.189708141
495,0.190092166,-1.1126136779785156,0,495,0.190092166
496,0.190476190,-1.1136817932128906,0,496,0.190476190
497,0.190860215,-1.1037635803222656,0,497,0.190860215
498,0.191244240,-1.0887527465820312,0,498,0.191244240
499,0.191628264,-1.0727882385253906,0,499,0.191628264
500,0.192012289,-1.0638046264648438,0,500,0.192012289
501,0.192396313,-1.0621261596679688,0,501,0.192396313
502,0.192780338,-1.0476493835449219,0,502,0.192780338
503,0.193164363,-1.0419845581054688,0,503,0.193164363
504,0.193548387,-1.0277748107910156,0,504,0.193548387
505,0.193932412,-1.0084342956542969,0,505,0.193932412
506,0.194316436,-1.0021781921386719,0,506,0.194316436
507,0.194700461,-0.9775352478027344,0,507,0.194700461
508,0.195084485,-0.9755706787109375,0,508,0.195084485
509,0.195468510,-0.9709548950195312,0,509,0.195468510
510,0.195852535,-0.9667778015136719,0,510,0.195852535
511,0.196236559,-0.9732818603515625,0,511,0.196236559
512,0.196620584,-0.9606170654296875,0,512,0.196620584
513,0.197004608,-0.9569740295410156,0,513,0.197004608
514,0.197388633,-0.9539031982421875,0,514,0.197388633
515,0.197772657,-0.962371826171875,0,515,0.197772657
516,0.198156682,-0.9539031982421875,0,516,0.198156682
517,0.198540707,-0.9310340881347656,0,517,0.198540707
518,0.198924731,-0.9279823303222656,0,518,0.198924731
519,0.199308756,-0.9228515625,0,519,0.199308756
520,0.199692780,-0.9146499633789062,0,520,0.199692780
521,0.200076805,-0.925445556640625,0,521,0.200076805
522,0.200460829,-0.9421539306640625,0,522,0.200460829
523,0.200844854,-0.9563255310058594,0,523,0.200844854
524,0.201228879,-0.95489501953125,0,524,0.201228879
525,0.201612903,-0.9593963623046875,0,525,0.201612903
526,0.201996928,-0.9612274169921875,0,526,0.201996928
527,0.202380952,-0.9666061401367188,0,527,0.202380952
528,0.202764977,-0.9739875793457031,0,528,0.202764977
529,0.203149002,-0.9821128845214844,0,529,0.203149002
530,0.203533026,-0.9869384765625,0,530,0.203533026
531,0.203917051,-0.9989356994628906,0,531,0.203917051
532,0.204301075,-1.0120582580566406,0,532,0.204301075
533,0.204685100,-1.0092735290527344,0,533,0.204685100
534,0.205069124,-1.0138702392578125,0,534,0.205069124
535,0.205453149,-1.025848388671875,0,535,0.205453149
536,0.205837174,-1.038970947265625,0,536,0.205837174
537,0.206221198,-1.0495376586914062,0,537,0.206221198
538,0.206605223,-1.0476303100585938,0,538,0.206605223
539,0.206989247,-1.0485649108886719,0,539,0.206989247
540,0.207373272,-1.0541152954101562,0,540,0.207373272
541,0.207757296,-1.0549354553222656,0,541,0.207757296
542,0.208141321,-1.0703277587890625,0,542,0.208141321
543,0.208525346,-1.087493896484375,0,543,0.208525346
544,0.208909370,-1.0986328125,0,544,0.208909370
545,0.209293395,-1.1038589477539062,0,545,0.209293395
546,0.209677419,-1.1160850524902344,0,546,0.209677419
547,0.210061444,-1.1181640625,0,547,0.210061444
548,0.210445469,-1.1143875122070312,0,548,0.210445469
549,0.210829493,-1.1072921752929688,0,549,0.210829493
550,0.211213518,-1.0947227478027344,0,550,0.211213518
551,0.211597542,-1.0779953002929688,0,551,0.211597542
552,0.211981567,-1.0688209533691406,0,552,0.211981567
553,0.212365591,-1.0546493530273438,0,553,0.212365591
554,0.212749616,-1.0342979431152344,0,554,0.212749616
555,0.213133641,-1.0268592834472656,0,555,0.213133641
556,0.213517665,-1.0186195373535156,0,556,0.213517665
557,0.213901690,-1.0024070739746094,0,557,0.213901690
558,0.214285714,-0.9890556335449219,0,558,0.214285714
559,0.214669739,-0.9804916381835938,0,559,0.214669739
560,0.215053763,-0.9819221496582031,0,560,0.215053763
561,0.215437788,-0.9730720520019531,0,561,0.215437788
562,0.215821813,-0.97198486328125,0,562,0.215821813
563,0.216205837,-0.9673118591308594,0,563,0.216205837
564,0.216589862,-0.9629631042480469,0,564,0.216589862
565,0.216973886,-0.9630012512207031,0,565,0.216973886
566,0.217357911,-0.9552192687988281,0,566,0.217357911
567,0.217741935,-0.9414482116699219,0,567,0.217741935
568,0.218125960,-0.9389877319335938,0,568,0.218125960
569,0.218509985,-0.9296226501464844,0,569,0.218509985
570,0.218894009,-0.9194755554199219,0,570,0.218894009
571,0.219278034,-0.9156608581542969,0,571,0.219278034
572,0.219662058,-0.9123039245605469,0,572,0.219662058
573,0.220046083,-0.9249687194824219,0,573,0.220046083
574,0.220430108,-0.9224510192871094,0,574,0.220430108
575,0.220814132,-0.9316444396972656,0,575,0.220814132
576,0.221198157,-0.9377288818359375,0,576,0.221198157
577,0.221582181,-0.9444999694824219,0,577,0.221582181
578,0.221966206,-0.9687423706054688,0,578,0.221966206
579,0.222350230,-0.9769821166992188,0,579,0.222350230
580,0.222734255,-0.9778594970703125,0,580,0.222734255
581,0.223118280,-0.9797096252441406,0,581,0.223118280
582,0.223502304,-0.9940910339355469,0,582,0.223502304
583,0.223886329,-1.0111808776855469,0,583,0.223886329
584,0.224270353,-1.0414505004882812,0,584,0.224270353
585,0.224654378,-1.0549545288085938,0,585,0.224654378
586,0.225038402,-1.0422325134277344,0,586,0.225038402
587,0.225422427,-1.0313987731933594,0,587,0.225422427
588,0.225806452,-1.0239791870117188,0,588,0.225806452
589,0.226190476,-1.0222434997558594,0,589,0.226190476
590,0.226574501,-1.0285186767578125,0,590,0.226574501
591,0.226958525,-1.0330772399902344,0,591,0.226958525
592,0.227342550,-1.047821044921875,0,592,0.227342550
593,0.227726575,-1.0643577575683594,0,593,0.227726575
594,0.228110599,-1.0818099975585938,0,594,0.228110599
595,0.228494624,-1.0954475402832031,0,595,0.228494624
596,0.228878648,-1.1099624633789062,0,596,0.228878648
597,0.229262673,-1.1156082153320312,0,597,0.229262673
598,0.229646697,-1.1230659484863281,0,598,0.229646697
599,0.230030722,-1.1244964599609375,0,599,0.230030722
600,0.230414747,-1.1179161071777344,0,600,0.230414747
601,0.230798771,-1.0897064208984375,0,601,0.230798771
602,0.231182796,-1.0430335998535156,0,602,0.231182796
603,0.231566820,-1.0242843627929688,0,603,0.231566820
604,0.231950845,-1.0181808471679688,0,604,0.231950845
605,0.232334869,-1.024322509765625,0,605,0.232334869
606,0.232718894,-1.0264778137207031,0,606,0.232718894
607,0.233102919,-1.0199737548828125,0,607,0.233102919
608,0.233486943,-1.0107040405273438,0,608,0.233486943
609,0.233870968,-1.0079765319824219,0,609,0.233870968
610,0.234254992,-1.0069656372070312,0,610,0.234254992
611,0.234639017,-0.9902763366699219,0,611,0.234639017
612,0.235023041,-0.9870338439941406,0,612,0.235023041
613,0.235407066,-0.9737396240234375,0,613,0.235407066
614,0.235791091,-0.9701347351074219,0,614,0.235791091
615,0.236175115,-0.9617424011230469,0,615,0.236175115
616,0.236559140,-0.9622955322265625,0,616,0.236559140
617,0.236943164,-0.9265518188476562,0,617,0.236943164
618,0.237327189,-0.9122657775878906,0,618,0.237327189
619,0.237711214,-0.9102821350097656,0,619,0.237711214
620,0.238095238,-0.9112358093261719,0,620,0.238095238
621,0.238479263,-0.9229469299316406,0,621,0.238479263
622,0.238863287,-0.958251953125,0,622,0.238863287
623,0.239247312,-0.961456298828125,0,623,0.239247312
624,0.239631336,-0.9545707702636719,0,624,0.239631336
625,0.240015361,-0.9364509582519531,0,625,0.240015361
626,0.240399386,-0.9294509887695312,0,626,0.240399386
627,0.240783410,-0.9359359741210938,0,627,0.240783410
628,0.241167435,-0.9406280517578125,0,628,0.241167435
629,0.241551459,-0.9594345092773438,0,629,0.241551459
630,0.241935484,-0.9596633911132812,0,630,0.241935484
631,0.242319508,-0.9622955322265625,0,631,0.242319508
632,0.242703533,-0.9721755981445312,0,632,0.242703533
633,0.243087558,-0.9912490844726562,0,633,0.243087558
634,0.243471582,-0.992431640625,0,634,0.243471582
635,0.243855607,-1.0237312316894531,0,635,0.243855607
636,0.244239631,-1.0424232482910156,0,636,0.244239631
637,0.244623656,-1.03424072265625,0,637,0.244623656
638,0.245007680,-1.0319900512695312,0,638,0.245007680
639,0.245391705,-1.0313987731933594,0,639,0.245391705
640,0.245775730,-1.0399436950683594,0,640,0.245775730
641,0.246159754,-1.0354423522949219,0,641,0.246159754
642,0.246543779,-1.0410690307617188,0,642,0.246543779
643,0.246927803,-1.0496330261230469,0,643,0.246927803
644,0.247311828,-1.058502197265625,0,644,0.247311828
645,0.247695853,-1.0715675354003906,0,645,0.247695853
646,0.248079877,-1.080322265625,0,646,0.248079877
647,0.248463902,-1.0900115966796875,0,647,0.248463902
648,0.248847926,-1.1006927490234375,0,648,0.248847926
649,0.249231951,-1.1114311218261719,0,649,0.249231951
650,0.249615975,-1.1177825927734375,0,650,0.249615975
651,0.250000000,-1.1160850524902344,0,651,0.250000000
652,0.250384025,-1.1080360412597656,0,652,0.250384025
653,0.250768049,-1.09375,0,653,0.250768049
654,0.251152074,-1.0737991333007812,0,654,0.251152074
655,0.251536098,-1.0797691345214844,0,655,0.251536098
656,0.251920123,-1.0720634460449219,0,656,0.251920123
657,0.252304147,-1.0545539855957031,0,657,0.252304147
658,0.252688172,-1.0356521606445312,0,658,0.252688172
659,0.253072197,-1.024932861328125,0,659,0.253072197
660,0.253456221,-1.0092926025390625,0,660,0.253456221
661,0.253840246,-1.0016059875488281,0,661,0.253840246
662,0.254224270,-0.9913253784179688,0,662,0.254224270
663,0.254608295,-0.9911346435546875,0,663,0.254608295
664,0.254992320,-0.9796524047851562,0,664,0.254992320
665,0.255376344,-0.9909820556640625,0,665,0.255376344
666,0.255760369,-0.9887313842773438,0,666,0.255760369
667,0.256144393,-0.9827232360839844,0,667,0.256144393
668,0.256528418,-0.9790802001953125,0,668,0.256528418
669,0.256912442,-0.9712791442871094,0,669,0.256912442
670,0.257296467,-0.9678268432617188,0,670,0.257296467
671,0.257680492,-0.9545135498046875,0,671,0.257680492
672,0.258064516,-0.9382820129394531,0,672,0.258064516
673,0.258448541,-0.9229660034179688,0,673,0.258448541
674,0.258832565,-0.9122657775878906,0,674,0.258832565
675,0.259216590,-0.9032249450683594,0,675,0.259216590
676,0.259600614,-0.9094810485839844,0,676,0.259600614
677,0.259984639,-0.9210777282714844,0,677,0.259984639
678,0.260368664,-0.9330940246582031,0,678,0.260368664
679,0.260752688,-0.9501075744628906,0,679,0.260752688
680,0.261136713,-0.9530067443847656,0,680,0.261136713
681,0.261520737,-0.9615898132324219,0,681,0.261520737
682,0.261904762,-0.9669113159179688,0,682,0.261904762
683,0.262288786,-0.9774589538574219,0,683,0.262288786
684,0.262672811,-0.9857940673828125,0,684,0.262672811
685,0.263056836,-0.9871673583984375,0,685,0.263056836
686,0.263440860,-0.9875869750976562,0,686,0.263440860
687,0.263824885,-0.995635986328125,0,687,0.263824885
688,0.264208909,-1.0013580322265625,0,688,0.264208909
689,0.264592934,-1.0036087036132812,0,689,0.264592934
690,0.264976959,-1.0192489624023438,0,690,0.264976959
691,0.265360983,-1.0337257385253906,0,691,0.265360983
692,0.265745008,-1.0417556762695312,0,692,0.265745008
693,0.266129032,-1.0491371154785156,0,693,0.266129032
694,0.266513057,-1.0515785217285156,0,694,0.266513057
695,0.266897081,-1.0463142395019531,0,695,0.266897081
696,0.267281106,-1.052703857421875,0,696,0.267281106
697,0.267665131,-1.0671043395996094,0,697,0.267665131
698,0.268049155,-1.0783958435058594,0,698,0.268049155
699,0.268433180,-1.0865211486816406,0,699,0.268433180
700,0.268817204,-1.0990524291992188,0,700,0.268817204
701,0.269201229,-1.1120223999023438,0,701,0.269201229
702,0.269585253,-1.1153984069824219,0,702,0.269585253
703,0.269969278,-1.1107444763183594,0,703,0.269969278
704,0.270353303,-1.105804443359375,0,704,0.270353303
705,0.270737327,-1.0975837707519531,0,705,0.270737327
706,0.271121352,-1.0854148864746094,0,706,0.271121352
707,0.271505376,-1.0730171203613281,0,707,0.271505376
708,0.271889401,-1.0602760314941406,0,708,0.271889401
709,0.272273425,-1.0518074035644531,0,709,0.272273425
710,0.272657450,-1.0441970825195312,0,710,0.272657450
711,0.273041475,-1.0396766662597656,0,711,0.273041475
712,0.273425499,-1.0310173034667969,0,712,0.273425499
713,0.273809524,-1.0139274597167969,0,713,0.273809524
714,0.274193548,-1.0067558288574219,0,714,0.274193548
715,0.274577573,-1.0026741027832031,0,715,0.274577573
716,0.274961598,-0.9921836853027344,0,716,0.274961598
717,0.275345622,-0.98876953125,0,717,0.275345622
718,0.275729647,-0.9728813171386719,0,718,0.275729647
719,0.276113671,-0.9655380249023438,0,719,0.276113671
720,0.276497696,-0.9638023376464844,0,720,0.276497696
721,0.276881720,-0.9569358825683594,0,721,0.276881720
722,0.277265745,-0.9544944763183594,0,722,0.277265745
723,0.277649770,-0.9453201293945312,0,723,0.277649770
724,0.278033794,-0.9362983703613281,0,724,0.278033794
725,0.278417819,-0.9241294860839844,0,725,0.278417819
726,0.278801843,-0.9185218811035156,0,726,0.278801843
727,0.279185868,-0.9193229675292969,0,727,0.279185868
728,0.279569892,-0.9094810485839844,0,728,0.279569892
729,0.279953917,-0.9136581420898438,0,729,0.279953917
730,0.280337942,-0.930938720703125,0,730,0.280337942
731,0.280721966,-0.949859619140625,0,731,0.280721966
732,0.281105991,-0.9622764587402344,0,732,0.281105991
733,0.281490015,-0.9733963012695312,0,733,0.281490015
734,0.281874040,-0.9872245788574219,0,734,0.281874040
735,0.282258065,-0.9903526306152344,0,735,0.282258065
736,0.282642089,-0.9979820251464844,0,736,0.282642089
737,0.283026114,-0.992889404296875,0,737,0.283026114
738,0.283410138,-0.992279052734375,0,738,0.283410138
739,0.283794163,-1.0080909729003906,0,739,0.283794163
740,0.284178187,-1.0245513916015625,0,740,0.284178187
741,0.284562212,-1.0348701477050781,0,741,0.284562212
742,0.284946237,-1.0317039489746094,0,742,0.284946237
743,0.285330261,-1.0324478149414062,0,743,0.285330261
744,0.285714286,-1.0466957092285156,0,744,0.285714286
745,0.286098310,-1.045989990234375,0,745,0.286098310
746,0.286482335,-1.0492515563964844,0,746,0.286482335
747,0.286866359,-1.0508155822753906,0,747,0.286866359
748,0.287250384,-1.0582923889160156,0,748,0.287250384
749,0.287634409,-1.0777664184570312,0,749,0.287634409
750,0.288018433,-1.0901260375976562,0,750,0.288018433
751,0.288402458,-1.0907363891601562,0,751,0.288402458
752,0.288786482,-1.0688972473144531,0,752,0.288786482
753,0.289170507,-1.0760307312011719,0,753,0.289170507
754,0.289554531,-1.0887908935546875,0,754,0.289554531
755,0.289938556,-1.0910606384277344,0,755,0.289938556
756,0.290322581,-1.0892295837402344,0,756,0.290322581
757,0.290706605,-1.0840797424316406,0,757,0.290706605
758,0.291090630,-1.0748863220214844,0,758,0.291090630
759,0.291474654,-1.0730552673339844,0,759,0.291474654
760,0.291858679,-1.0645103454589844,0,760,0.291858679
761,0.292242704,-1.0426139831542969,0,761,0.292242704
762,0.292626728,-1.0304069519042969,0,762,0.292626728
763,0.293010753,-1.0172843933105469,0,763,0.293010753
764,0.293394777,-1.0155296325683594,0,764,0.293394777
765,0.293778802,-1.001739501953125,0,765,0.293778802
766,0.294162826,-0.9832191467285156,0,766,0.294162826
767,0.294546851,-0.9357833862304688,0,767,0.294546851
768,0.294930876,-0.9268569946289062,0,768,0.294930876
769,0.295314900,-0.9375381469726562,0,769,0.295314900
770,0.295698925,-0.9578132629394531,0,770,0.295698925
771,0.296082949,-0.973663330078125,0,771,0.296082949
772,0.296466974,-1.0113525390625,0,772,0.296466974
773,0.296850998,-0.9978485107421875,0,773,0.296850998
774,0.297235023,-0.9735107421875,0,774,0.297235023
775,0.297619048,-0.9560394287109375,0,775,0.297619048
776,0.298003072,-0.9369087219238281,0,776,0.298003072
777,0.298387097,-0.9322547912597656,0,777,0.298387097
778,0.298771121,-0.9179306030273438,0,778,0.298771121
779,0.299155146,-0.9139060974121094,0,779,0.299155146
780,0.299539171,-0.9183883666992188,0,780,0.299539171
781,0.299923195,-0.9220504760742188,0,781,0.299923195
782,0.300307220,-0.9421539306640625,0,782,0.300307220
783,0.300691244,-0.9597396850585938,0,783,0.300691244
784,0.301075269,-0.9666633605957031,0,784,0.301075269
785,0.301459293,-0.9901237487792969,0,785,0.301459293
786,0.301843318,-1.0116958618164062,0,786,0.301843318
787,0.302227343,-1.0036849975585938,0,787,0.302227343
788,0.302611367,-1.0023307800292969,0,788,0.302611367
789,0.302995392,-1.0002899169921875,0,789,0.302995392
790,0.303379416,-1.005401611328125,0,790,0.303379416
791,0.303763441,-1.0063362121582031,0,791,0.303763441
792,0.304147465,-1.0082626342773438,0,792,0.304147465
793,0.304531490,-1.016845703125,0,793,0.304531490
794,0.304915515,-1.0241889953613281,0,794,0.304915515
795,0.305299539,-1.0323143005371094,0,795,0.305299539
796,0.305683564,-1.0289192199707031,0,796,0.305683564
797,0.306067588,-1.02569580078125,0,797,0.306067588
798,0.306451613,-1.0345840454101562,0,798,0.306451613
799,0.306835637,-1.0343170166015625,0,799,0.306835637
800,0.307219662,-1.0643959045410156,0,800,0.307219662
801,0.307603687,-1.07940673828125,0,801,0.307603687
802,0.307987711,-1.0882377624511719,0,802,0.307987711
803,0.308371736,-1.100006103515625,0,803,0.308371736
804,0.308755760,-1.1026573181152344,0,804,0.308755760
805,0.309139785,-1.1046981811523438,0,805,0.309139785
806,0.309523810,-1.1100959777832031,0,806,0.309523810
807,0.309907834,-1.0934066772460938,0,807,0.309907834
808,0.310291859,-1.0833168029785156,0,808,0.310291859
809,0.310675883,-1.0760116577148438,0,809,0.310675883
810,0.311059908,-1.061859130859375,0,810,0.311059908
811,0.311443932,-1.0439491271972656,0,811,0.311443932
812,0.311827957,-1.0265541076660156,0,812,0.311827957
813,0.312211982,-1.0188102722167969,0,813,0.312211982
814,0.312596006,-1.0183906555175781,0,814,0.312596006
815,0.312980031,-1.0121345520019531,0,815,0.312980031
816,0.313364055,-1.0066413879394531,0,816,0.313364055
817,0.313748080,-0.9972572326660156,0,817,0.313748080
818,0.314132104,-0.9848594665527344,0,818,0.314132104
819,0.314516129,-0.9656524658203125,0,819,0.314516129
820,0.314900154,-0.970916748046875,0,820,0.314900154
821,0.315284178,-0.9667205810546875,0,821,0.315284178
822,0.315668203,-0.9622764587402344,0,822,0.315668203
823,0.316052227,-0.9569549560546875,0,823,0.316052227
824,0.316436252,-0.9538841247558594,0,824,0.316436252
825,0.316820276,-0.9465789794921875,0,825,0.316820276
826,0.317204301,-0.9381675720214844,0,826,0.317204301
827,0.317588326,-0.9406089782714844,0,827,0.317588326
828,0.317972350,-0.9298896789550781,0,828,0.317972350
829,0.318356375,-0.9255027770996094,0,829,0.318356375
830,0.318740399,-0.9211921691894531,0,830,0.318740399
831,0.319124424,-0.9156608581542969,0,831,0.319124424
832,0.319508449,-0.9199905395507812,0,832,0.319508449
833,0.319892473,-0.92742919921875,0,833,0.319892473
834,0.320276498,-0.9407997131347656,0,834,0.320276498
835,0.320660522,-0.9474563598632812,0,835,0.320660522
836,0.321044547,-0.9592056274414062,0,836,0.321044547
837,0.321428571,-0.9679794311523438,0,837,0.321428571
838,0.321812596,-0.9768104553222656,0,838,0.321812596
839,0.322196621,-0.979461669921875,0,839,0.322196621
840,0.322580645,-0.9719085693359375,0,840,0.322580645
841,0.322964670,-0.9819984436035156,0,841,0.322964670
842,0.323348694,-0.9951019287109375,0,842,0.323348694
843,0.323732719,-0.9967041015625,0,843,0.323732719
844,0.324116743,-0.9992599487304688,0,844,0.324116743
845,0.324500768,-1.0150337219238281,0,845,0.324500768
846,0.324884793,-1.0309600830078125,0,846,0.324884793
847,0.325268817,-1.0477066040039062,0,847,0.325268817
848,0.325652842,-1.0623931884765625,0,848,0.325652842
849,0.326036866,-1.0595703125,0,849,0.326036866
850,0.326420891,-1.0608863830566406,0,850,0.326420891
851,0.326804916,-1.0538101196289062,0,851,0.326804916
852,0.327188940,-1.0653305053710938,0,852,0.327188940
853,0.327572965,-1.0722160339355469,0,853,0.327572965
854,0.327956989,-1.0772514343261719,0,854,0.327956989
855,0.328341014,-1.09405517578125,0,855,0.328341014
856,0.328725038,-1.1051750183105469,0,856,0.328725038
857,0.329109063,-1.1161422729492188,0,857,0.329109063
858,0.329493088,-1.1120414733886719,0,858,0.329493088
859,0.329877112,-1.1079216003417969,0,859,0.329877112
860,0.330261137,-1.0990715026855469,0,860,0.330261137
861,0.330645161,-1.0800361633300781,0,861,0.330645161
862,0.331029186,-1.0675239562988281,0,862,0.331029186
863,0.331413210,-1.0533332824707031,0,863,0.331413210
864,0.331797235,-1.0432624816894531,0,864,0.331797235
865,0.332181260,-1.0324668884277344,0,865,0.332181260
866,0.332565284,-1.0249900817871094,0,866,0.332565284
867,0.332949309,-1.0194587707519531,0,867,0.332949309
868,0.333333333,-1.0173606872558594,0,868,0.333333333
869,0.333717358,-1.0058784484863281,0,869,0.333717358
870,0.334101382,-0.9870719909667969,0,870,0.334101382
871,0.334485407,-0.9804153442382812,0,871,0.334485407
872,0.334869432,-0.97869873046875,0,872,0.334869432
873,0.335253456,-0.9714889526367188,0,873,0.335253456
874,0.335637481,-0.9683036804199219,0,874,0.335637481
875,0.336021505,-0.959930419921875,0,875,0.336021505
876,0.336405530,-0.944671630859375,0,876,0.336405530
877,0.336789555,-0.9448623657226562,0,877,0.336789555
878,0.337173579,-0.9338951110839844,0,878,0.337173579
879,0.337557604,-0.9296417236328125,0,879,0.337557604
880,0.337941628,-0.9251976013183594,0,880,0.337941628
881,0.338325653,-0.9217262268066406,0,881,0.338325653
882,0.338709677,-0.9290122985839844,0,882,0.338709677
883,0.339093702,-0.9358596801757812,0,883,0.339093702
884,0.339477727,-0.9415626525878906,0,884,0.339477727
885,0.339861751,-0.9356880187988281,0,885,0.339861751
886,0.340245776,-0.9337615966796875,0,886,0.340245776
887,0.340629800,-0.9525299072265625,0,887,0.340629800
888,0.341013825,-0.9615516662597656,0,888,0.341013825
889,0.341397849,-0.9642982482910156,0,889,0.341397849
890,0.341781874,-0.9726905822753906,0,890,0.341781874
891,0.342165899,-0.9833526611328125,0,891,0.342165899
892,0.342549923,-0.9853935241699219,0,892,0.342549923
893,0.342933948,-0.9971809387207031,0,893,0.342933948
894,0.343317972,-1.0114669799804688,0,894,0.343317972
895,0.343701997,-1.014862060546875,0,895,0.343701997
896,0.344086022,-1.021270751953125,0,896,0.344086022
897,0.344470046,-1.0170173645019531,0,897,0.344470046
898,0.344854071,-1.0224342346191406,0,898,0.344854071
899,0.345238095,-1.03240966796875,0,899,0.345238095
900,0.345622120,-1.0381126403808594,0,900,0.345622120
901,0.346006144,-1.0156059265136719,0,901,0.346006144
902,0.346390169,-1.0077095031738281,0,902,0.346390169
903,0.346774194,-1.0310173034667969,0,903,0.346774194
904,0.347158218,-1.0539627075195312,0,904,0.347158218
905,0.347542243,-1.0728645324707031,0,905,0.347542243
906,0.347926267,-1.0993003845214844,0,906,0.347926267
907,0.348310292,-1.113739013671875,0,907,0.348310292
908,0.348694316,-1.1077880859375,0,908,0.348694316
909,0.349078341,-1.1104965209960938,0,909,0.349078341
910,0.349462366,-1.1052894592285156,0,910,0.349462366
911,0.349846390,-1.0993385314941406,0,911,0.349846390
912,0.350230415,-1.0932540893554688,0,912,0.350230415
913,0.350614439,-1.0886764526367188,0,913,0.350614439
914,0.350998464,-1.0720252990722656,0,914,0.350998464
915,0.351382488,-1.049346923828125,0,915,0.351382488
916,0.351766513,-1.0229682922363281,0,916,0.351766513
917,0.352150538,-0.9759330749511719,0,917,0.352150538
918,0.352534562,-0.9431838989257812,0,918,0.352534562
919,0.352918587,-0.9554100036621094,0,919,0.352918587
920,0.353302611,-0.9738922119140625,0,920,0.353302611
921,0.353686636,-0.9916496276855469,0,921,0.353686636
922,0.354070661,-1.0362815856933594,0,922,0.354070661
923,0.354454685,-1.0221099853515625,0,923,0.354454685
924,0.354838710,-1.0117340087890625,0,924,0.354838710
925,0.355222734,-0.9882736206054688,0,925,0.355222734
926,0.355606759,-0.9750938415527344,0,926,0.355606759
927,0.355990783,-0.9647750854492188,0,927,0.355990783
928,0.356374808,-0.9552955627441406,0,928,0.356374808
929,0.356758833,-0.9414291381835938,0,929,0.356758833
930,0.357142857,-0.9371376037597656,0,930,0.357142857
931,0.357526882,-0.9328842163085938,0,931,0.357526882
932,0.357910906,-0.9268760681152344,0,932,0.357910906
933,0.358294931,-0.9276390075683594,0,933,0.358294931
934,0.358678955,-0.9196662902832031,0,934,0.358678955
935,0.359062980,-0.93780517578125,0,935,0.359062980
936,0.359447005,-0.9533500671386719,0,936,0.359447005
937,0.359831029,-0.9588623046875,0,937,0.359831029
938,0.360215054,-0.9650421142578125,0,938,0.360215054
939,0.360599078,-0.9630966186523438,0,939,0.360599078
940,0.360983103,-0.9660530090332031,0,940,0.360983103
941,0.361367127,-0.9744834899902344,0,941,0.361367127
942,0.361751152,-0.9779167175292969,0,942,0.361751152
943,0.362135177,-0.9757614135742188,0,943,0.362135177
944,0.362519201,-0.9775543212890625,0,944,0.362519201
945,0.362903226,-0.9839630126953125,0,945,0.362903226
946,0.363287250,-0.9936714172363281,0,946,0.363287250
947,0.363671275,-1.0109901428222656,0,947,0.363671275
948,0.364055300,-1.0214614868164062,0,948,0.364055300
949,0.364439324,-1.0406494140625,0,949,0.364439324
950,0.364823349,-1.0409164428710938,0,950,0.364823349
951,0.365207373,-1.0491943359375,0,951,0.365207373
952,0.365591398,-1.0518455505371094,0,952,0.365591398
953,0.365975422,-1.0658073425292969,0,953,0.365975422
954,0.366359447,-1.0627174377441406,0,954,0.366359447
955,0.366743472,-1.0680007934570312,0,955,0.366743472
956,0.367127496,-1.07879638671875,0,956,0.367127496
957,0.367511521,-1.0919761657714844,0,957,0.367511521
958,0.367895545,-1.1049652099609375,0,958,0.367895545
959,0.368279570,-1.1066818237304688,0,959,0.368279570
960,0.368663594,-1.1088752746582031,0,960,0.368663594
961,0.369047619,-1.1018562316894531,0,961,0.369047619
962,0.369431644,-1.09771728515625,0,962,0.369431644
963,0.369815668,-1.0848617553710938,0,963,0.369815668
964,0.370199693,-1.0758209228515625,0,964,0.370199693
965,0.370583717,-1.0670661926269531,0,965,0.370583717
966,0.370967742,-1.0609054565429688,0,966,0.370967742
967,0.371351767,-1.0465812683105469,0,967,0.371351767
968,0.371735791,-1.0322189331054688,0,968,0.371735791
969,0.372119816,-1.0262870788574219,0,969,0.372119816
970,0.372503840,-1.0215568542480469,0,970,0.372503840
971,0.372887865,-1.0169410705566406,0,971,0.372887865
972,0.373271889,-0.9946632385253906,0,972,0.373271889
973,0.373655914,-0.9882926940917969,0,973,0.373655914
974,0.374039939,-0.9833335876464844,0,974,0.374039939
975,0.374423963,-0.9883499145507812,0,975,0.374423963
976,0.374807988,-0.9947967529296875,0,976,0.374807988
977,0.375192012,-0.9914779663085938,0,977,0.375192012
978,0.375576037,-0.9789276123046875,0,978,0.375576037
979,0.375960061,-0.9697914123535156,0,979,0.375960061
980,0.376344086,-0.95611572265625,0,980,0.376344086
981,0.376728111,-0.9472465515136719,0,981,0.376728111
982,0.377112135,-0.9307479858398438,0,982,0.377112135
983,0.377496160,-0.9214210510253906,0,983,0.377496160
984,0.377880184,-0.9259796142578125,0,984,0.377880184
985,0.378264209,-0.9239959716796875,0,985,0.378264209
986,0.378648233,-0.9296417236328125,0,986,0.378648233
987,0.379032258,-0.9313774108886719,0,987,0.379032258
988,0.379416283,-0.9366035461425781,0,988,0.379416283
989,0.379800307,-0.9452247619628906,0,989,0.379800307
990,0.380184332,-0.9623146057128906,0,990,0.380184332
991,0.380568356,-0.9684944152832031,0,991,0.380568356
992,0.380952381,-0.9703636169433594,0,992,0.380952381
993,0.381336406,-0.9670829772949219,0,993,0.381336406
994,0.381720430,-0.97076416015625,0,994,0.381720430
995,0.382104455,-0.9858894348144531,0,995,0.382104455
996,0.382488479,-0.993194580078125,0,996,0.382488479
997,0.382872504,-1.013336181640625,0,997,0.382872504
998,0.383256528,-1.0198402404785156,0,998,0.383256528
999,0.383640553,-1.023712158203125,0,999,0.383640553
1000,0.384024578,-1.0306167602539062,0,1000,0.384024578
1001,0.384408602,-1.0297775268554688,0,1001,0.384408602
1002,0.384792627,-1.034393310546875,0,1002,0.384792627
1003,0.385176651,-1.0324287414550781,0,1003,0.385176651
1004,0.385560676,-1.0415077209472656,0,1004,0.385560676
1005,0.385944700,-1.0577583312988281,0,1005,0.385944700
1006,0.386328725,-1.0535812377929688,0,1006,0.386328725
1007,0.386712750,-1.058502197265625,0,1007,0.386712750
1008,0.387096774,-1.0751914978027344,0,1008,0.387096774
1009,0.387480799,-1.0877227783203125,0,1009,0.387480799
1010,0.387864823,-1.0996818542480469,0,1010,0.387864823
1011,0.388248848,-1.1107444763183594,0,1011,0.388248848
1012,0.388632873,-1.1074447631835938,0,1012,0.388632873
1013,0.389016897,-1.1054229736328125,0,1013,0.389016897
1014,0.389400922,-1.1081695556640625,0,1014,0.389400922
1015,0.389784946,-1.092681884765625,0,1015,0.389784946
1016,0.390168971,-1.0848045349121094,0,1016,0.390168971
1017,0.390552995,-1.0758590698242188,0,1017,0.390552995
1018,0.390937020,-1.058349609375,0,1018,0.390937020
1019,0.391321045,-1.0487556457519531,0,1019,0.391321045
1020,0.391705069,-1.0321617126464844,0,1020,0.391705069
1021,0.392089094,-1.0309028625488281,0,1021,0.392089094
1022,0.392473118,-1.0305023193359375,0,1022,0.392473118
1023,0.392857143,-1.0285758972167969,0,1023,0.392857143
1024,0.393241167,-1.0109710693359375,0,1024,0.393241167
1025,0.393625192,-0.99578857421875,0,1025,0.393625192
1026,0.394009217,-0.9859848022460938,0,1026,0.394009217
1027,0.394393241,-0.979461669921875,0,1027,0.394393241
1028,0.394777266,-0.9736061096191406,0,1028,0.394777266
1029,0.395161290,-0.9630966186523438,0,1029,0.395161290
1030,0.395545315,-0.966796875,0,1030,0.395545315
1031,0.395929339,-0.9739875793457031,0,1031,0.395929339
1032,0.396313364,-0.9625625610351562,0,1032,0.396313364
1033,0.396697389,-0.957489013671875,0,1033,0.396697389
1034,0.397081413,-0.9409523010253906,0,1034,0.397081413
1035,0.397465438,-0.9266090393066406,0,1035,0.397465438
1036,0.397849462,-0.9165573120117188,0,1036,0.397849462
1037,0.398233487,-0.9089279174804688,0,1037,0.398233487
1038,0.398617512,-0.9164047241210938,0,1038,0.398617512
1039,0.399001536,-0.9234619140625,0,1039,0.399001536
1040,0.399385561,-0.9348297119140625,0,1040,0.399385561
1041,0.399769585,-0.9354019165039062,0,1041,0.399769585
1042,0.400153610,-0.9414863586425781,0,1042,0.400153610
1043,0.400537634,-0.9508895874023438,0,1043,0.400537634
1044,0.400921659,-0.9661674499511719,0,1044,0.400921659
1045,0.401305684,-0.973663330078125,0,1045,0.401305684
1046,0.401689708,-0.9862899780273438,0,1046,0.401689708
1047,0.402073733,-0.9971809387207031,0,1047,0.402073733
1048,0.402457757,-1.0056114196777344,0,1048,0.402457757
1049,0.402841782,-1.0144233703613281,0,1049,0.402841782
1050,0.403225806,-1.0204124450683594,0,1050,0.403225806
1051,0.403609831,-0.9936714172363281,0,1051,0.403609831
1052,0.403993856,-0.9726524353027344,0,1052,0.403993856
1053,0.404377880,-0.9816169738769531,0,1053,0.404377880
1054,0.404761905,-1.0096359252929688,0,1054,0.404761905
1055,0.405145929,-1.0262107849121094,0,1055,0.405145929
1056,0.405529954,-1.0454940795898438,0,1056,0.405529954
1057,0.405913978,-1.0506820678710938,0,1057,0.405913978
1058,0.406298003,-1.0577964782714844,0,1058,0.406298003
1059,0.406682028,-1.0754203796386719,0,1059,0.406682028
1060,0.407066052,-1.0769271850585938,0,1060,0.407066052
1061,0.407450077,-1.0819625854492188,0,1061,0.407450077
1062,0.407834101,-1.0966300964355469,0,1062,0.407834101
1063,0.408218126,-1.1059951782226562,0,1063,0.408218126
1064,0.408602151,-1.1209487915039062,0,1064,0.408602151
1065,0.408986175,-1.1191558837890625,0,1065,0.408986175
1066,0.409370200,-1.1042976379394531,0,1066,0.409370200
1067,0.409754224,-1.0559654235839844,0,1067,0.409754224
1068,0.410138249,-1.0388946533203125,0,1068,0.410138249
1069,0.410522273,-1.0316658020019531,0,1069,0.410522273
1070,0.410906298,-1.0299301147460938,0,1070,0.410906298
1071,0.411290323,-1.0285377502441406,0,1071,0.411290323
1072,0.411674347,-1.0705375671386719,0,1072,0.411674347
1073,0.412058372,-1.0710906982421875,0,1073,0.412058372
1074,0.412442396,-1.0478591918945312,0,1074,0.412442396
1075,0.412826421,-1.0182571411132812,0,1075,0.412826421
1076,0.413210445,-0.9940528869628906,0,1076,0.413210445
1077,0.413594470,-0.9924888610839844,0,1077,0.413594470
1078,0.413978495,-0.9853363037109375,0,1078,0.413978495
1079,0.414362519,-0.9880256652832031,0,1079,0.414362519
1080,0.414746544,-0.98663330078125,0,1080,0.414746544
1081,0.415130568,-0.9805679321289062,0,1081,0.415130568
1082,0.415514593,-0.9726524353027344,0,1082,0.415514593
1083,0.415898618,-0.9729766845703125,0,1083,0.415898618
1084,0.416282642,-0.9650039672851562,0,1084,0.416282642
1085,0.416666667,-0.9633255004882812,0,1085,0.416666667
1086,0.417050691,-0.9634017944335938,0,1086,0.417050691
1087,0.417434716,-0.93963623046875,0,1087,0.417434716
1088,0.417818740,-0.9239006042480469,0,1088,0.417818740
1089,0.418202765,-0.9089469909667969,0,1089,0.418202765
1090,0.418586790,-0.9097480773925781,0,1090,0.418586790
1091,0.418970814,-0.9199714660644531,0,1091,0.418970814
1092,0.419354839,-0.9314346313476562,0,1092,0.419354839
1093,0.419738863,-0.9353446960449219,0,1093,0.419738863
1094,0.420122888,-0.948333740234375,0,1094,0.420122888
1095,0.420506912,-0.9633255004882812,0,1095,0.420506912
1096,0.420890937,-0.9738540649414062,0,1096,0.420890937
1097,0.421274962,-0.9784889221191406,0,1097,0.421274962
1098,0.421658986,-0.9832572937011719,0,1098,0.421658986
1099,0.422043011,-0.9875679016113281,0,1099,0.422043011
1100,0.422427035,-0.9935379028320312,0,1100,0.422427035
1101,0.422811060,-1.0010147094726562,0,1101,0.422811060
1102,0.423195084,-1.0086441040039062,0,1102,0.423195084
1103,0.423579109,-1.0086250305175781,0,1103,0.423579109
1104,0.423963134,-1.0128021240234375,0,1104,0.423963134
1105,0.424347158,-1.0283851623535156,0,1105,0.424347158
1106,0.424731183,-1.0380172729492188,0,1106,0.424731183
1107,0.425115207,-1.0353279113769531,0,1107,0.425115207
1108,0.425499232,-1.0487174987792969,0,1108,0.425499232
1109,0.425883257,-1.0525703430175781,0,1109,0.425883257
1110,0.426267281,-1.0438346862792969,0,1110,0.426267281
1111,0.426651306,-1.0599136352539062,0,1111,0.426651306
1112,0.427035330,-1.0798072814941406,0,1112,0.427035330
1113,0.427419355,-1.1042404174804688,0,1113,0.427419355
1114,0.427803379,-1.1120414733886719,0,1114,0.427803379
1115,0.428187404,-1.1127662658691406,0,1115,0.428187404
1116,0.428571429,-1.1167144775390625,0,1116,0.428571429
1117,0.428955453,-1.1132240295410156,0,1117,0.428955453
1118,0.429339478,-1.10137939453125,0,1118,0.429339478
1119,0.429723502,-1.0904312133789062,0,1119,0.429723502
1120,0.430107527,-1.0799407958984375,0,1120,0.430107527
1121,0.430491551,-1.0629653930664062,0,1121,0.430491551
1122,0.430875576,-1.0478401184082031,0,1122,0.430875576
1123,0.431259601,-1.0374641418457031,0,1123,0.431259601
1124,0.431643625,-1.0221481323242188,0,1124,0.431643625
1125,0.432027650,-1.009521484375,0,1125,0.432027650
1126,0.432411674,-0.9951400756835938,0,1126,0.432411674
1127,0.432795699,-0.9994888305664062,0,1127,0.432795699
1128,0.433179724,-1.0041618347167969,0,1128,0.433179724
1129,0.433563748,-1.0012245178222656,0,1129,0.433563748
1130,0.433947773,-0.9878730773925781,0,1130,0.433947773
1131,0.434331797,-0.9809684753417969,0,1131,0.434331797
1132,0.434715822,-0.9783554077148438,0,1132,0.434715822
1133,0.435099846,-0.9723281860351562,0,1133,0.435099846
1134,0.435483871,-0.9681320190429688,0,1134,0.435483871
1135,0.435867896,-0.9582138061523438,0,1135,0.435867896
1136,0.436251920,-0.95947265625,0,1136,0.436251920
1137,0.436635945,-0.9509086608886719,0,1137,0.436635945
1138,0.437019969,-0.9350967407226562,0,1138,0.437019969
1139,0.437403994,-0.9241294860839844,0,1139,0.437403994
1140,0.437788018,-0.9139633178710938,0,1140,0.437788018
1141,0.438172043,-0.9220504760742188,0,1141,0.438172043
1142,0.438556068,-0.9230422973632812,0,1142,0.438556068
1143,0.438940092,-0.924530029296875,0,1143,0.438940092
1144,0.439324117,-0.9388542175292969,0,1144,0.439324117
1145,0.439708141,-0.9516143798828125,0,1145,0.439708141
1146,0.440092166,-0.95794677734375,0,1146,0.440092166
1147,0.440476190,-0.9660720825195312,0,1147,0.440476190
1148,0.440860215,-0.9628868103027344,0,1148,0.440860215
1149,0.441244240,-0.9626960754394531,0,1149,0.441244240
1150,0.441628264,-0.9700584411621094,0,1150,0.441628264
1151,0.442012289,-0.9817886352539062,0,1151,0.442012289
1152,0.442396313,-0.9924888610839844,0,1152,0.442396313
1153,0.442780338,-1.0018730163574219,0,1153,0.442780338
1154,0.443164363,-1.0104751586914062,0,1154,0.443164363
1155,0.443548387,-1.0184478759765625,0,1155,0.443548387
1156,0.443932412,-1.025543212890625,0,1156,0.443932412
1157,0.444316436,-1.0317230224609375,0,1157,0.444316436
1158,0.444700461,-1.0281753540039062,0,1158,0.444700461
1159,0.445084485,-1.030120849609375,0,1159,0.445084485
1160,0.445468510,-1.0463333129882812,0,1160,0.445468510
1161,0.445852535,-1.0562896728515625,0,1161,0.445852535
1162,0.446236559,-1.0682106018066406,0,1162,0.446236559
1163,0.446620584,-1.0754203796386719,0,1163,0.446620584
1164,0.447004608,-1.0853958129882812,0,1164,0.447004608
1165,0.447388633,-1.0980415344238281,0,1165,0.447388633
1166,0.447772657,-1.1036109924316406,0,1166,0.447772657
1167,0.448156682,-1.1092948913574219,0,1167,0.448156682
1168,0.448540707,-1.11328125,0,1168,0.448540707
1169,0.448924731,-1.1078262329101562,0,1169,0.448924731
1170,0.449308756,-1.090545654296875,0,1170,0.449308756
1171,0.449692780,-1.0808753967285156,0,1171,0.449692780
1172,0.450076805,-1.0661125183105469,0,1172,0.450076805
1173,0.450460829,-1.0514450073242188,0,1173,0.450460829
1174,0.450844854,-1.0444450378417969,0,1174,0.450844854
1175,0.451228879,-1.035003662109375,0,1175,0.451228879
1176,0.451612903,-1.0316276550292969,0,1176,0.451612903
1177,0.451996928,-1.0164642333984375,0,1177,0.451996928
1178,0.452380952,-0.9918594360351562,0,1178,0.452380952
1179,0.452764977,-0.988311767578125,0,1179,0.452764977
1180,0.453149002,-0.97808837890625,0,1180,0.453149002
1181,0.453533026,-0.9793663024902344,0,1181,0.453533026
1182,0.453917051,-0.9793472290039062,0,1182,0.453917051
1183,0.454301075,-0.9873008728027344,0,1183,0.454301075
1184,0.454685100,-0.9778976440429688,0,1184,0.454685100
1185,0.455069124,-0.9592819213867188,0,1185,0.455069124
1186,0.455453149,-0.9555435180664062,0,1186,0.455453149
1187,0.455837174,-0.9466171264648438,0,1187,0.455837174
1188,0.456221198,-0.9403038024902344,0,1188,0.456221198
1189,0.456605223,-0.9368324279785156,0,1189,0.456605223
1190,0.456989247,-0.9252738952636719,0,1190,0.456989247
1191,0.457373272,-0.9098052978515625,0,1191,0.457373272
1192,0.457757296,-0.9056854248046875,0,1192,0.457757296
1193,0.458141321,-0.9088897705078125,0,1193,0.458141321
1194,0.458525346,-0.9144783020019531,0,1194,0.458525346
1195,0.458909370,-0.9218978881835938,0,1195,0.458909370
1196,0.459293395,-0.9316825866699219,0,1196,0.459293395
1197,0.459677419,-0.9421920776367188,0,1197,0.459677419
1198,0.460061444,-0.9639358520507812,0,1198,0.460061444
1199,0.460445469,-0.9697723388671875,0,1199,0.460445469
1200,0.460829493,-0.9791755676269531,0,1200,0.460829493
1201,0.461213518,-0.9661483764648438,0,1201,0.461213518
1202,0.461597542,-0.9452247619628906,0,1202,0.461597542
1203,0.461981567,-0.9460067749023438,0,1203,0.461981567
1204,0.462365591,-0.9614753723144531,0,1204,0.462365591
1205,0.462749616,-0.9760856628417969,0,1205,0.462749616
1206,0.463133641,-0.9918785095214844,0,1206,0.463133641
1207,0.463517665,-0.9984588623046875,0,1207,0.463517665
1208,0.463901690,-1.008758544921875,0,1208,0.463901690
1209,0.464285714,-1.0170936584472656,0,1209,0.464285714
1210,0.464669739,-1.0258293151855469,0,1210,0.464669739
1211,0.465053763,-1.021270751953125,0,1211,0.465053763
1212,0.465437788,-1.0253524780273438,0,1212,0.465437788
1213,0.465821813,-1.0456085205078125,0,1213,0.465821813
1214,0.466205837,-1.0570335388183594,0,1214,0.466205837
1215,0.466589862,-1.0704421997070312,0,1215,0.466589862
1216,0.466973886,-1.0805511474609375,0,1216,0.466973886
1217,0.467357911,-1.0611534118652344,0,1217,0.467357911
1218,0.467741935,-1.0466575622558594,0,1218,0.467741935
1219,0.468125960,-1.0588645935058594,0,1219,0.468125960
1220,0.468509985,-1.0877418518066406,0,1220,0.468509985
1221,0.468894009,-1.0969734191894531,0,1221,0.468894009
1222,0.469278034,-1.1266708374023438,0,1222,0.469278034
1223,0.469662058,-1.1143875122070312,0,1223,0.469662058
1224,0.470046083,-1.0873985290527344,0,1224,0.470046083
1225,0.470430108,-1.0680770874023438,0,1225,0.470430108
1226,0.470814132,-1.0533905029296875,0,1226,0.470814132
1227,0.471198157,-1.0284423828125,0,1227,0.471198157
1228,0.471582181,-1.0113334655761719,0,1228,0.471582181
1229,0.471966206,-0.9963798522949219,0,1229,0.471966206
1230,0.472350230,-0.9921073913574219,0,1230,0.472350230
1231,0.472734255,-0.9736251831054688,0,1231,0.472734255
1232,0.473118280,-0.9710502624511719,0,1232,0.473118280
1233,0.473502304,-0.9699058532714844,0,1233,0.473502304
1234,0.473886329,-0.9617805480957031,0,1234,0.473886329
1235,0.474270353,-0.9773826599121094,0,1235,0.474270353
1236,0.474654378,-0.9964561462402344,0,1236,0.474654378
1237,0.475038402,-0.982208251953125,0,1237,0.475038402
1238,0.475422427,-0.9743309020996094,0,1238,0.475422427
1239,0.475806452,-0.9578132629394531,0,1239,0.475806452
1240,0.476190476,-0.9408950805664062,0,1240,0.476190476
1241,0.476574501,-0.9249687194824219,0,1241,0.476574501
1242,0.476958525,-0.914306640625,0,1242,0.476958525
1243,0.477342550,-0.9079933166503906,0,1243,0.477342550
1244,0.477726575,-0.9002304077148438,0,1244,0.477726575
1245,0.478110599,-0.9131813049316406,0,1245,0.478110599
1246,0.478494624,-0.9193611145019531,0,1246,0.478494624
1247,0.478878648,-0.9223175048828125,0,1247,0.478878648
1248,0.479262673,-0.929412841796875,0,1248,0.479262673
1249,0.479646697,-0.9456253051757812,0,1249,0.479646697
1250,0.480030722,-0.9539985656738281,0,1250,0.480030722
1251,0.480414747,-0.9667587280273438,0,1251,0.480414747
1252,0.480798771,-0.96954345703125,0,1252,0.480798771
1253,0.481182796,-0.9697341918945312,0,1253,0.481182796
1254,0.481566820,-0.9718132019042969,0,1254,0.481566820
1255,0.481950845,-0.9743309020996094,0,1255,0.481950845
1256,0.482334869,-0.9801483154296875,0,1256,0.482334869
1257,0.482718894,-0.9847450256347656,0,1257,0.482718894
1258,0.483102919,-0.99700927734375,0,1258,0.483102919
1259,0.483486943,-1.0044097900390625,0,1259,0.483486943
1260,0.483870968,-1.0079002380371094,0,1260,0.483870968
1261,0.484254992,-1.0010719299316406,0,1261,0.484254992
1262,0.484639017,-1.0084152221679688,0,1262,0.484639017
1263,0.485023041,-1.0219192504882812,0,1263,0.485023041
1264,0.485407066,-1.0292816162109375,0,1264,0.485407066
1265,0.485791091,-1.0399627685546875,0,1265,0.485791091
1266,0.486175115,-1.053924560546875,0,1266,0.486175115
1267,0.486559140,-1.0694503784179688,0,1267,0.486559140
1268,0.486943164,-1.0823822021484375,0,1268,0.486943164
1269,0.487327189,-1.0954475402832031,0,1269,0.487327189
1270,0.487711214,-1.1004447937011719,0,1270,0.487711214
1271,0.488095238,-1.1012458801269531,0,1271,0.488095238
1272,0.488479263,-1.095123291015625,0,1272,0.488479263
1273,0.488863287,-1.0856056213378906,0,1273,0.488863287
1274,0.489247312,-1.0768699645996094,0,1274,0.489247312
1275,0.489631336,-1.0613822937011719,0,1275,0.489631336
1276,0.490015361,-1.056976318359375,0,1276,0.490015361
1277,0.490399386,-1.0401535034179688,0,1277,0.490399386
1278,0.490783410,-1.0331535339355469,0,1278,0.490783410
1279,0.491167435,-1.0274887084960938,0,1279,0.491167435
1280,0.491551459,-1.0234832763671875,0,1280,0.491551459
1281,0.491935484,-1.0117149353027344,0,1281,0.491935484
1282,0.492319508,-1.0015869140625,0,1282,0.492319508
1283,0.492703533,-0.9792518615722656,0,1283,0.492703533
1284,0.493087558,-0.97747802734375,0,1284,0.493087558
1285,0.493471582,-0.9663772583007812,0,1285,0.493471582
1286,0.493855607,-0.9593582153320312,0,1286,0.493855607
1287,0.494239631,-0.9622573852539062,0,1287,0.494239631
1288,0.494623656,-0.9582328796386719,0,1288,0.494623656
1289,0.495007680,-0.9531974792480469,0,1289,0.495007680
1290,0.495391705,-0.9354400634765625,0,1290,0.495391705
1291,0.495775730,-0.9207725524902344,0,1291,0.495775730
1292,0.496159754,-0.923004150390625,0,1292,0.496159754
1293,0.496543779,-0.9198188781738281,0,1293,0.496543779
1294,0.496927803,-0.91339111328125,0,1294,0.496927803
1295,0.497311828,-0.9004020690917969,0,1295,0.497311828
1296,0.497695853,-0.8956718444824219,0,1296,0.497695853
1297,0.498079877,-0.9049606323242188,0,1297,0.498079877
1298,0.498463902,-0.9147834777832031,0,1298,0.498463902
1299,0.498847926,-0.9235954284667969,0,1299,0.498847926
1300,0.499231951,-0.9338188171386719,0,1300,0.499231951
1301,0.499615975,-0.9372138977050781,0,1301,0.499615975
1302,0.500000000,-0.9382057189941406,0,1302,0.500000000
1303,0.500384025,-0.9464263916015625,0,1303,0.500384025
1304,0.500768049,-0.959014892578125,0,1304,0.500768049
1305,0.501152074,-0.9772682189941406,0,1305,0.501152074
1306,0.501536098,-0.9876060485839844,0,1306,0.501536098
1307,0.501920123,-0.9893226623535156,0,1307,0.501920123
1308,0.502304147,-0.9935569763183594,0,1308,0.502304147
1309,0.502688172,-1.000518798828125,0,1309,0.502688172
1310,0.503072197,-1.0041236877441406,0,1310,0.503072197
1311,0.503456221,-1.0059165954589844,0,1311,0.503456221
1312,0.503840246,-1.0209465026855469,0,1312,0.503840246
1313,0.504224270,-1.0296058654785156,0,1313,0.504224270
1314,0.504608295,-1.0312271118164062,0,1314,0.504608295
1315,0.504992320,-1.0345077514648438,0,1315,0.504992320
1316,0.505376344,-1.0400390625,0,1316,0.505376344
1317,0.505760369,-1.0432052612304688,0,1317,0.505760369
1318,0.506144393,-1.0588645935058594,0,1318,0.506144393
1319,0.506528418,-1.0710906982421875,0,1319,0.506528418
